INSERT INTO Localizacao 
    VALUES (1, 'Brasil', 'São Paulo', 'São Paulo', 'Vila Mariana'),
           (2, 'Brasil', 'Rio de Janeiro', 'Rio de Janeiro', 'Copacabana'),
           (3, 'Brasil', 'Minas Gerais', 'Belo Horizonte', 'Savassi'),
           (4, 'Brasil', 'Bahia', 'Salvador', 'Barra'),
           (5, 'Brasil', 'Santa Catarina', 'Florianópolis', NULL),
           (6, 'Brasil', 'Paraná', 'Curitiba', NULL),
           (7, 'Brasil', 'Rio Grande do Sul', 'Porto Alegre', 'Moinhos de Vento'),
           (8, 'Brasil', 'Tocantins', 'Porto Nacional', NULL),
           (9, 'Brasil', 'Goiás', 'Uruaçu', 'Setor Central'),
           (10, 'Brasil', 'Amapá', 'Macapá', 'Laguinho'),
           (11, 'Brasil', 'Rio Grande do Norte', 'Natal', NULL);

INSERT INTO Anfitriao 
    VALUES ('João', 'Silva', '1990-05-15', 'Rua A, 123', 'masculino', '(11) 99999-9999', 'joao@email.com', 'senha123', 1),
           ('Maria', 'Santos', '1985-07-20', 'Rua B, 456', 'feminino', '(11) 88888-8888', 'maria@email.com', 'senha456', 2),
           ('José', 'Oliveira', '1978-03-10', 'Rua C, 789', 'masculino', '(11) 77777-7777', 'jose@email.com', 'senha789', 3),
           ('Ana', 'Souza', '1995-09-25', 'Rua D, 1011', 'feminino', '(11) 66666-6666', 'ana@email.com', 'senha1011', 4),
           ('Pedro', 'Ferreira', '1980-12-05', 'Rua E, 1213', 'masculino', '(11) 55555-5555', 'pedro@email.com', 'senha1213', 5),
           ('Mariana', 'Carvalho', '1992-02-18', 'Rua F, 1415', 'feminino', '(11) 44444-4444', 'mariana@email.com', 'senha1415', 6),
           ('Carlos', 'Ribeiro', '1987-06-30', 'Rua G, 1617', 'masculino', '(11) 33333-3333', 'carlos@email.com', 'senha1617', 7),
           ('Juliana', 'Almeida', '1983-11-12', 'Rua H, 1819', 'feminino', '(11) 22222-2222', 'juliana@email.com', 'senha1819', 1),
           ('Fernando', 'Gomes', '1975-04-28', 'Rua I, 2021', 'masculino', '(11) 11111-1111', 'fernando@email.com', 'senha2021', 2),
           ('Luisa', 'Pereira', '1998-08-08', 'Rua J, 2223', 'feminino', '(11) 00000-0000', 'luisa@email.com', 'senha2223', 3),
           ('Ricardo', 'Martins', '1989-01-23', 'Rua K, 2425', 'masculino', '(11) 99999-8888', 'ricardo@email.com', 'senha2425', 4),
           ('Aline', 'Lima', '1993-10-03', 'Rua L, 2627', 'feminino', '(11) 88888-7777', 'aline@email.com', 'senha2627', 5);

INSERT INTO Locatario 
    VALUES ('Amanda', 'Fernandes', '2000-08-12', 'Rua M, 2829', 'feminino', '(11) 77777-8888', 'amanda@email.com', 'senha2829', 6),
           ('Gabriel', 'Rocha', '1986-02-25', 'Rua N, 3031', 'masculino', '(11) 66666-9999', 'gabriel@email.com', 'senha3031', 7),
           ('Camila', 'Lopes', '1980-07-05', 'Rua O, 3233', 'feminino', '(11) 55555-1111', 'camila@email.com', 'senha3233', 1),
           ('Rodrigo', 'Sousa', '2003-09-18', 'Rua P, 3435', 'masculino', '(11) 44444-2222', 'rodrigo@email.com', 'senha3435', 2),
           ('Isabela', 'Mendes', '1983-03-30', 'Rua Q, 3637', 'feminino', '(11) 33333-3333', 'isabela@email.com', 'senha3637', 3),
           ('Lucas', 'Alves', '1968-11-15', 'Rua R, 3839', 'masculino', '(11) 22222-4444', 'lucas@email.com', 'senha3839', 4),
           ('Mirela', 'Nunes', '1962-05-28', 'Rua S, 4041', 'feminino', '(11) 11111-5555', 'mirela@email.com', 'senha4041', 5),
           ('Daniel', 'Costa', '1987-10-10', 'Rua T, 4243', 'masculino', '(11) 00000-6666', 'daniel@email.com', 'senha4243', 6),
           ('Carolina', 'Garcia', '1998-04-20', 'Rua U, 4445', 'feminino', '(11) 99999-1111', 'carolina@email.com', 'senha4445', 7),
           ('Felipe', 'Ramos', '1969-01-05', 'Rua V, 4647', 'masculino', '(11) 88888-2222', 'felipe@email.com', 'senha4647', 1),
           ('Vanessa', 'Dias', '1993-11-28', 'Rua W, 4849', 'feminino', '(11) 77777-4444', 'vanessa@email.com', 'senha4849', 2),
           ('Rafael', 'Oliveira', '1990-06-15', 'Rua X, 5051', 'masculino', '(11) 66666-1111', 'rafael@email.com', 'senha5051', 3),
           ('Luisa', 'Pereira', '1998-08-08', 'Rua J, 2223', 'feminino', '(11) 00000-0000', 'luisa@email.com', 'senha2223', 3),
           ('Ricardo', 'Martins', '1989-01-23', 'Rua K, 2425', 'masculino', '(11) 99999-8888', 'ricardo@email.com', 'senha2425', 4),
           ('Aline', 'Lima', '1993-10-03', 'Rua L, 2627', 'feminino', '(11) 88888-7777', 'aline@email.com', 'senha2627', 5),
           ('Mariana', 'Lima', '1993-10-03', 'Rua L, 2627', 'feminino', '(11) 88888-7777', 'aline@email.com', 'senha2627', 5);

INSERT INTO Propriedade 
    VALUES ('Casa da Praia', 'Rua A, 123', 'casa', 3, 2, 6, 2, 15, 150.00, 50.00, 
                ARRAY['2024-06-01', '2024-06-02', '2024-06-03']::date[], '14:00', '12:00', 'Maria', 'Santos', '(11) 88888-8888', 1),
           ('Apartamento Centro', 'Av. B, 456', 'quarto compartilhado', 1, 1, 2, 1, 7, 100.00, 30.00, 
                ARRAY['2024-06-05', '2024-06-06', '2024-06-07']::date[], '15:00', '11:00', 'Maria', 'Santos', '(11) 88888-8888', 2),
           ('Casa Charmosa', 'Rua C, 789', 'casa', 2, 1, 4, 2, 10, 120.00, 40.00, 
                ARRAY['2024-06-10', '2024-06-11', '2024-06-12']::date[], '13:00', '10:00', 'José', 'Oliveira', '(11) 77777-7777', 3),
           ('Apartamento Luxo', 'Av. D, 1011', 'quarto individual', 1, 1, 2, 1, 5, 200.00, 50.00, 
                ARRAY['2024-06-15', '2024-06-16', '2024-06-17']::date[], '16:00', '12:00', 'Maria', 'Santos', '(11) 88888-8888', 4),
           ('Casa dos Sonhos', 'Rua E, 1213', 'casa', 4, 3, 8, 3, 14, 250.00, 60.00, 
                ARRAY['2024-06-20', '2024-06-21', '2024-06-22']::date[], '12:00', '10:00', 'Pedro', 'Ferreira', '(11) 55555-5555', 5),
           ('Chalé Aconchegante', 'Av. F, 1415', 'quarto compartilhado', 1, 1, 2, 1, 7, 80.00, 25.00, 
                ARRAY['2024-06-25', '2024-06-26', '2024-06-27']::date[], '14:00', '11:00', 'Mariana', 'Carvalho', '(11) 44444-4444', 6),
           ('Apartamento Moderno', 'Rua G, 1617', 'quarto compartilhado', 1, 1, 2, 1, 7, 120.00, 30.00, 
                ARRAY['2024-07-01', '2024-07-02', '2024-07-03']::date[], '15:00', '11:00', 'Pedro', 'Ferreira', '(11) 55555-5555', 7),
           ('Casa da Serra', 'Av. H, 1819', 'casa', 3, 2, 6, 2, 15, 180.00, 50.00, 
                ARRAY['2024-07-05', '2024-07-06', '2024-07-07']::date[], '14:00', '12:00', 'João', 'Silva', '(11) 99999-9999', 9),
           ('Apartamento Praia', 'Rua I, 2021', 'quarto compartilhado', 1, 1, 2, 1, 7, 90.00, 30.00, 
                ARRAY['2024-07-10', '2024-07-11', '2024-07-12']::date[], '15:00', '11:00', 'Maria', 'Santos', '(11) 88888-8888', 4),
           ('Casa de Campo', 'Av. J, 2223', 'casa', 2, 1, 4, 2, 10, 150.00, 40.00, 
                ARRAY['2024-07-15', '2024-07-16', '2024-07-17']::date[], '13:00', '10:00', 'José', 'Oliveira', '(11) 77777-7777', 6),
           ('Apartamento Charmoso', 'Rua K, 2425', 'quarto compartilhado', 1, 1, 2, 1, 5, 180.00, 40.00, 
                ARRAY['2024-07-20', '2024-07-21', '2024-07-22']::date[], '16:00', '12:00', 'Ana', 'Souza', '(11) 66666-6666', 8),
           ('Casa na Praia', 'Av. L, 2627', 'casa', 3, 3, 8, 3, 14, 220.00, 60.00, 
                ARRAY['2024-07-25', '2024-07-26', '2024-07-27']::date[], '12:00', '10:00', 'Pedro', 'Ferreira', '(11) 55555-5555', 10),
           ('Chalé Romântico', 'Rua M, 2829', 'quarto individual', 1, 1, 2, 1, 7, 100.00, 25.00, 
                ARRAY['2024-08-01', '2024-08-02', '2024-08-03']::date[], '14:00', '11:00', 'Mariana', 'Carvalho', '(11) 44444-4444',11),
           ('Villa Serenidade','Rua da Amizade, 1234', 'casa',1, 1, 3, 1, 4, 120.00, 50.00,
                ARRAY['2024-08-01', '2024-08-02', '2024-08-03']::date[],'14:00', '11:00', 'Carlos', 'Ribeiro', '(11) 33333-3333', 6),
           ('Chalé Aurora','Rua das Flores, 5678', 'quarto compartilhado',1, 2, 3, 2, 10, 200.00, 60.00,
                ARRAY['2024-09-05', '2024-09-06', '2024-09-07']::date[],'12:00', '10:00', 'Juliana', 'Almeida', '(11) 22222-2222', 4),
           ('Mansão dos Jardins','Rua dos Sonhos, 9876', 'quarto individual',1, 1, 1,3, 12, 10.00, 30.00,
                ARRAY['2024-10-10', '2024-10-11', '2024-10-12']::date[],'15:30', '12:30', 'Fernando', 'Gomes', '(11) 11111-1111', 3),
           ('Casa Harmonia','Rua da Primavera, 5432', 'quarto compartilhado',1, 3, 2,2, 6, 100.00, 80.00,
                ARRAY['2024-11-15', '2024-11-16', '2024-11-17']::date[],'13:00', '10:30', 'Luisa', 'Pereira', '(11) 00000-0000', 2),
           ('Cabana das Águas','Rua do Sol, 2468', 'quarto individual',1, 4, 5,2, 10, 110.00, 50.00,
                ARRAY['2024-12-20', '2024-12-21', '2024-12-22']::date[],'16:00', '11:30', 'Ricardo', 'Martins', '(11) 99999-8888', 1),
           ('Sítio da Montanha','Rua da Paz, 1357', 'casa',1, 1, 3,10, 40, 130.00, 10.00,
                ARRAY['2025-01-25', '2025-01-26', '2025-01-27']::date[],'13:30', '11:00', 'Aline', 'Lima', '(11) 88888-7777', 4);

INSERT INTO Mensagem 
    VALUES ('João', 'Silva', '(11) 99999-9999', 'Maria', 'Santos', '(11) 88888-8888', '2024-06-01 10:00:00', 'Olá, tudo bem?'),
           ('Amanda', 'Fernandes', '(11) 77777-8888', NULL, NULL, NULL,  '2024-06-01 11:00:00', 'Ótima estadia, recomendo!'),
           ('Aline', 'Lima', '(11) 88888-7777', NULL, NULL, NULL,  '2024-06-02 12:00:00', 'Poderia ter sido melhor.'),
           ('Maria', 'Santos', '(11) 88888-8888', 'José', 'Oliveira', '(11) 77777-7777', '2024-06-02 11:00:00', 'Sim, e você?'),
           ('Ricardo', 'Martins', '(11) 99999-8888', NULL, NULL, NULL,  '2024-06-06 12:00:00', 'Não gostei da limpeza.'),
           ('José', 'Oliveira', '(11) 77777-7777', 'Ana', 'Souza', '(11) 66666-6666', '2024-06-03 12:00:00', 'Também estou bem, obrigado.'),
           ('Ana', 'Souza', '(11) 66666-6666', 'Pedro', 'Ferreira', '(11) 55555-5555', '2024-06-04 13:00:00', 'Vamos marcar algo para fazer?'),
           ('Carolina', 'Garcia', '(11) 99999-1111', NULL, NULL, NULL,  '2024-06-06 15:00:00', 'Preço justo pelo que oferece.'),
           ('Pedro', 'Ferreira', '(11) 55555-5555', 'Mariana', 'Carvalho', '(11) 44444-4444', '2024-06-05 14:00:00', 'Claro, vamos sim!'),
           ('Mariana', 'Lima', '(11) 88888-7777', 'Carlos', 'Ribeiro', '(11) 33333-3333', '2024-06-06 15:00:00', 'Que tal amanhã?');

INSERT INTO Locacao 
    VALUES (1, '2024-06-01'::date, '2024-06-05'::date, '2024-05-25'::date, 4, 10.00, 200.00, 13241, 20.00, 200.00, 'confirmado','Amanda', 'Fernandes', '(11) 77777-8888', 'Casa da Praia', 'Rua A, 123'),
           (2, '2024-06-10'::date, '2024-06-15'::date, '2024-06-01'::date, 2, 5.00, 150.00, 22512, 10.00, 150.00, 'cancelado','Gabriel', 'Rocha', '(11) 66666-9999', 'Apartamento Centro', 'Av. B, 456'),
           (3, '2024-06-15'::date, '2024-06-20'::date, '2024-06-05'::date, 3, 8.00, 180.00, 21312, 18.00, 180.00, 'confirmado','Camila', 'Lopes', '(11) 55555-1111', 'Casa Charmosa', 'Rua C, 789'),
           (4, '2024-06-20'::date, '2024-06-25'::date, '2024-06-10'::date, 1, 2.00, 100.00, NULL, 0.00, 100.00, 'cancelado','Rodrigo', 'Sousa', '(11) 44444-2222', 'Apartamento Luxo', 'Av. D, 1011'),
           (5, '2024-06-25'::date, '2024-07-01'::date, '2024-06-15'::date, 5, 12.00, 250.00, 44354, 30.00, 250.00, 'confirmado','Isabela', 'Mendes', '(11) 33333-3333', 'Casa dos Sonhos', 'Rua E, 1213'),
           (6, '2024-07-01'::date, '2024-07-05'::date, '2024-06-20'::date, 2, 5.00, 80.00, NULL, 0.00, 80.00, 'cancelado','Lucas', 'Alves', '(11) 22222-4444', 'Chalé Aconchegante', 'Av. F, 1415'),
           (7, '2024-07-05'::date, '2024-07-10'::date, '2024-06-25'::date, 3, 8.00, 120.00, 54544, 30.00, 120.00, 'confirmado','Mirela', 'Nunes', '(11) 11111-5555', 'Apartamento Moderno', 'Rua G, 1617'),
           (8, '2024-07-10'::date, '2024-07-15'::date, '2024-07-01'::date, 4, 10.00, 180.00, 32323, 0.00, 180.00,'cancelado', 'Daniel', 'Costa', '(11) 00000-6666', 'Casa da Serra', 'Av. H, 1819'),
           (9, '2024-07-15'::date, '2024-07-20'::date, '2024-07-05'::date, 2, 5.00, 90.00, NULL, 0.00, 90.00, 'confirmado','Carolina', 'Garcia', '(11) 99999-1111', 'Apartamento Praia', 'Rua I, 2021'),
           (10, '2024-07-20'::date, '2024-07-25'::date, '2024-07-10'::date, 3, 8.00, 150.00, NULL, 0.00, 150.00, 'cancelado','Felipe', 'Ramos', '(11) 88888-2222', 'Casa de Campo', 'Av. J, 2223'),
           (11, '2024-07-25'::date, '2024-08-01'::date, '2024-07-15'::date, 1, 2.00, 180.00, 12321, 10.00, 180.00, 'confirmado','Vanessa', 'Dias', '(11) 77777-4444', 'Apartamento Charmoso', 'Rua K, 2425'),
           (12, '2024-08-01'::date, '2024-08-05'::date, '2024-07-20'::date, 5, 12.00, 220.00, NULL, 0.00, 220.00,'cancelado', 'Rafael', 'Oliveira', '(11) 66666-1111', 'Casa na Praia', 'Av. L, 2627'),
           (13, '2024-08-05'::date, '2024-08-10'::date, '2024-07-25'::date, 2, 5.00, 100.00, 89765, 1.00, 100.00,'confirmado', 'Ricardo', 'Martins', '(11) 99999-8888', 'Chalé Romântico', 'Rua M, 2829'),
           (14, '2024-08-10'::date, '2024-08-15'::date, '2024-08-01'::date, 3, 8.00, 150.00, NULL, 0.00, 150.00, 'cancelado','Rafael', 'Oliveira', '(11) 66666-1111', 'Casa da Praia', 'Rua A, 123'),
           (15, '2024-08-15'::date, '2024-08-20'::date, '2024-08-05'::date, 1, 2.00, 90.00, 87754, 40.00, 90.00,'confirmado', 'Luisa', 'Pereira', '(11) 00000-0000', 'Apartamento Centro', 'Av. B, 456'),
           (16, '2024-08-20'::date, '2024-08-25'::date, '2024-08-10'::date, 4, 10.00, 150.00, NULL, 0.00, 150.00, 'cancelado','Aline', 'Lima', '(11) 88888-7777', 'Casa Charmosa', 'Rua C, 789'),
           (17, '2024-08-25'::date, '2024-09-01'::date, '2024-08-15'::date, 2, 5.00, 120.00, NULL, 0.00, 120.00,'confirmado', 'Mariana', 'Lima', '(11) 88888-7777', 'Apartamento Luxo', 'Av. D, 1011'),
           (18, '2024-09-01'::date, '2024-09-05'::date, '2024-08-20'::date, 3, 8.00, 180.00, NULL, 0.00, 180.00, 'confirmado','Mariana', 'Lima', '(11) 88888-7777', 'Casa dos Sonhos', 'Rua E, 1213');

INSERT INTO Avaliacao 
    VALUES (1, ARRAY['foto1.jpg', 'foto2.jpg'], 'bom', 'bom', NULL, 'bom', 'Amanda', 'Fernandes', '(11) 77777-8888', '2024-06-01 11:00:00'),
           (2, NULL, 'medio', 'ruim', NULL, NULL, 'Aline', 'Lima', '(11) 88888-7777', '2024-06-02 12:00:00'),
           (3, NULL, 'ruim', 'bom', 'medio', 'ruim', 'Ricardo', 'Martins', '(11) 99999-8888', '2024-06-06 12:00:00'),
           (4,NULL, 'bom', 'bom', 'ruim', 'bom', 'Vanessa', 'Dias', '(11) 77777-4444', NULL),
           (5,ARRAY['foto9.jpg', 'foto10.jpg'], 'medio', NULL, 'bom', NULL, 'Carolina', 'Garcia', '(11) 99999-1111', '2024-06-06 15:00:00'),
           (6, NULL, 'ruim', 'ruim', 'ruim', 'ruim', 'Mariana', 'Lima', '(11) 88888-7777', NULL),
           (7, NULL, 'ruim', 'bom', 'medio', 'ruim', 'João', 'Silva', '(11) 99999-9999', '2024-06-01 10:00:00'),
           (8, NULL, 'ruim', 'bom', 'medio', 'ruim', 'Maria', 'Santos', '(11) 88888-8888', '2024-06-02 11:00:00'),
           (9, NULL, 'ruim', 'bom', 'medio', 'ruim', 'José', 'Oliveira', '(11) 77777-7777', '2024-06-03 12:00:00'),
           (10, NULL, 'ruim', 'bom', 'medio', 'ruim', 'Ana', 'Souza', '(11) 66666-6666', '2024-06-04 13:00:00');

INSERT INTO Quarto 
    VALUES (1, 2, 'solteiro', 'Casa da Praia', 'Rua A, 123'),
           (2, 1, 'casal', 'Casa da Praia', 'Rua A, 123'),
           (3, 3, 'beliche', 'Casa da Praia', 'Rua A, 123'),
           (4, 2, 'solteiro', 'Apartamento Centro', 'Av. B, 456'),
           (5, 1, 'casal', 'Casa de Campo', 'Av. J, 2223'),
           (6, 2, 'beliche', 'Casa de Campo', 'Av. J, 2223'),
           (7, 1, 'solteiro', 'Casa Charmosa', 'Rua C, 789'),
           (8, 2, 'casal', 'Casa Charmosa', 'Rua C, 789'),
           (9, 2, 'solteiro', 'Apartamento Luxo', 'Av. D, 1011'),
           (10, 1, 'casal', 'Apartamento Charmoso', 'Rua K, 2425'),
           (11, 2, 'solteiro', 'Casa dos Sonhos', 'Rua E, 1213'),
           (12, 1, 'casal', 'Casa dos Sonhos', 'Rua E, 1213'),
           (13, 3, 'beliche', 'Casa dos Sonhos', 'Rua E, 1213'),
           (14, 1, 'solteiro', 'Chalé Aconchegante', 'Av. F, 1415'),
           (15, 2, 'casal', 'Chalé Romântico', 'Rua M, 2829'),
           (16, 2, 'solteiro', 'Apartamento Moderno', 'Rua G, 1617'),
           (17, 1, 'casal', 'Apartamento Praia', 'Rua I, 2021'),
           (18, 2, 'solteiro', 'Casa da Serra', 'Av. H, 1819'),
           (19, 1, 'casal', 'Casa da Serra', 'Av. H, 1819'),
           (20, 3, 'beliche', 'Casa da Serra', 'Av. H, 1819'),
           (21, 2, 'solteiro', 'Casa na Praia', 'Av. L, 2627'),
           (22, 1, 'casal', 'Casa na Praia', 'Av. L, 2627'),
           (23, 3, 'beliche', 'Casa na Praia', 'Av. L, 2627'),
           (24, 3, 'solteiro', 'Villa Serenidade','Rua da Amizade, 1234'),
           (25, 4, 'casal', 'Chalé Aurora','Rua das Flores, 5678'),
           (26, 5, 'beliche', 'Mansão dos Jardins','Rua dos Sonhos, 9876'),
           (27, 1, 'solteiro', 'Casa Harmonia','Rua da Primavera, 5432'),
           (28, 1, 'casal', 'Cabana das Águas','Rua do Sol, 2468'),
           (29, 3, 'beliche', 'Sítio da Montanha','Rua da Paz, 1357');

INSERT INTO Ponto_interesse 
    VALUES (1,1, 'Parque das Aves'),
           (2,1, 'Cristo Redentor'),
           (3,2, 'Praça da Liberdade'),
           (4,3, 'Pelourinho'),
           (5,5, 'Parque Tanguá'),
           (6,10, 'Estação de Trem'),
           (7,8, 'Pesqueiro'),
           (8,4, 'Campo de Futebol'),
           (9,7, 'Ponto de Ônibus'),
           (10,6, 'Restaurante');

INSERT INTO Regras 
    VALUES (1,'Não fumar', 'Casa da Praia', 'Rua A, 123'),
           (2,'Sem festas ou eventos', 'Apartamento Centro', 'Av. B, 456'),
           (3,'Não é adequado para animais de estimação', 'Casa Charmosa', 'Rua C, 789'),
           (4,'Proibidos bebês', 'Casa dos Sonhos', 'Rua E, 1213'),
           (5,'Sem sexo', 'Chalé Aconchegante', 'Av. F, 1415'),
           (6,'Proibido barulho após 22:00', 'Apartamento Moderno', 'Rua G, 1617'),
           (7,'Proibido usar a tv', 'Apartamento Charmoso', 'Rua K, 2425'),
           (8,'Não usar a mesa de ping-pong', 'Apartamento Praia', 'Rua I, 2021'),
           (9,'Não furar a parede', 'Casa da Serra', 'Av. H, 1819'),
           (10,'Proibido música alta', 'Apartamento Luxo', 'Av. D, 1011');

INSERT INTO Comodidades 
    VALUES (1,'Wi-Fi', 'Casa da Praia', 'Rua A, 123'),
           (2,'Estacionamento gratuito', 'Apartamento Centro', 'Av. B, 456'),
           (3,'Piscina', 'Casa Charmosa', 'Rua C, 789'),
           (4,'Ar-condicionado', 'Casa dos Sonhos', 'Rua E, 1213'),
           (5,'Cozinha', 'Chalé Aconchegante', 'Av. F, 1415'),
           (6,'TV a cabo', 'Apartamento Moderno', 'Rua G, 1617'),
           (7,'Rádio', 'Apartamento Charmoso', 'Rua K, 2425'),
           (8,'Banheira', 'Apartamento Praia', 'Rua I, 2021'),
           (9,'Wi-Fi', 'Casa da Serra', 'Av. H, 1819'),
           (10,'Fogão de Lenha', 'Apartamento Luxo', 'Av. D, 1011');

INSERT INTO Conta 
    VALUES  (123456789, 987654321, 'poupanca', 'João', 'Silva', '(11) 99999-9999'),
            (987654321, 123456789, 'conta corrente', 'Maria', 'Santos', '(11) 88888-8888'),
            (456789123, 654321987, 'poupanca', 'José', 'Oliveira', '(11) 77777-7777'),
            (321987654, 789123456, 'conta corrente', 'Ana', 'Souza', '(11) 66666-6666'),
            (789123456, 321987654, 'poupanca', 'Pedro', 'Ferreira', '(11) 55555-5555'),
            (654321987, 456789123, 'conta corrente', 'Mariana', 'Carvalho', '(11) 44444-4444'),
            (333333333, 777777777, 'poupanca', 'Carlos', 'Ribeiro', '(11) 33333-3333'),
            (222222222, 888888888, 'conta corrente', 'Juliana', 'Almeida', '(11) 22222-2222'),
            (111111111, 999999999, 'poupanca', 'Fernando', 'Gomes', '(11) 11111-1111'),
            (300000000, 123456789, 'conta corrente', 'Luisa', 'Pereira', '(11) 00000-0000'),
            (999999888, 654321987, 'poupanca', 'Ricardo', 'Martins', '(11) 99999-8888'),
            (888887777, 456789123, 'conta corrente', 'Aline', 'Lima', '(11) 88888-7777');


INSERT INTO EnviaRecebeMensagem 
    VALUES ('João', 'Silva', '(11) 99999-9999', '2024-06-01 10:00:00', 'Amanda', 'Fernandes', '(11) 77777-8888', 'João', 'Silva', '(11) 99999-9999'),
           ('Maria', 'Santos', '(11) 88888-8888', '2024-06-02 11:00:00', 'Gabriel', 'Rocha', '(11) 66666-9999', 'Maria', 'Santos', '(11) 88888-8888'),
           ('José', 'Oliveira', '(11) 77777-7777', '2024-06-03 12:00:00', 'Mirela', 'Nunes', '(11) 11111-5555', 'José', 'Oliveira', '(11) 77777-7777'),
           ('Ana', 'Souza', '(11) 66666-6666', '2024-06-04 13:00:00', 'Carolina', 'Garcia', '(11) 99999-1111', 'Ana', 'Souza', '(11) 66666-6666'),
           ('Pedro', 'Ferreira', '(11) 55555-5555', '2024-06-05 14:00:00', 'Felipe', 'Ramos', '(11) 88888-2222', 'Pedro', 'Ferreira', '(11) 55555-5555'),
           ('Mariana', 'Lima', '(11) 88888-7777', '2024-06-06 15:00:00', 'Mariana', 'Lima', '(11) 88888-7777', 'Ricardo', 'Martins', '(11) 99999-8888');

INSERT INTO FazAvaliacaoPara 
    VALUES (1, 'Amanda', 'Fernandes', '(11) 77777-8888', 'Apartamento Centro', 'Av. B, 456'),
           (2, 'Aline', 'Lima', '(11) 88888-7777', 'Casa de Campo', 'Av. J, 2223'),
           (3, 'Ricardo', 'Martins', '(11) 99999-8888', 'Apartamento Charmoso', 'Rua K, 2425'),
           (4, 'Vanessa', 'Dias', '(11) 77777-4444', 'Chalé Romântico', 'Rua M, 2829'),
           (5, 'Carolina', 'Garcia', '(11) 99999-1111', 'Casa da Serra', 'Av. H, 1819'),
           (6, 'Mariana', 'Lima', '(11) 88888-7777', 'Casa na Praia', 'Av. L, 2627');